<?xml version="1.0" encoding="UTF-8" standalone="yes"?>
<exceptionHandling xmlns:xsi="http://www.w3.org/2001/XMLSchema-instance" xsi:noNamespaceSchemaLocation="ExceptionHandling.xsd">
<!--DO NOT EDIT MANUALLY: The configuration is the generated summary over all package configurations!-->
<!-->>>>>>>>>>>>>>>>> WxIntegrationTestClient >>>>>>>>>>>>>>>>>-->
	<location name="wx">
		<location name="integrationTest">			
			<location name="client">
                    <location name="testclient">
       					<exception type="all" errorToBeThrown="NONE" exceptionHandlingId="WxIntegrationTestClient.top.001">
       						<handling>wx.resilience.pub.resilience.errorHandling:logError</handling>
       					</exception>
                    </location>
			</location>
		</location>
	</location>
<!-->>>>>>>>>>>>>>>>> WxIntegrationTestController >>>>>>>>>>>>>>>>>-->
	<location name="wx">
		<location name="integrationTest">			
			<location name="controller">
            	<location name="testclient">
                    <location name="handleClientMessage">
        				<exception type="all" errorToBeThrown="NONE" exceptionHandlingId="WxIntegrationTestController.top.001">
        					<handling>wx.resilience.pub.resilience.errorHandling:logError</handling>
        				</exception>
                    </location>
    				<exception type="all" errorToBeThrown="FATAL" exceptionHandlingId="WxIntegrationTestController.top.002">
    					<handling>wx.resilience.pub.resilience.errorHandling:logError</handling>
    				</exception>
                </location>
			</location>
		</location>
	</location>
<!-->>>>>>>>>>>>>>>>> WxResilience >>>>>>>>>>>>>>>>>-->
    
    
    
	
	
	<globalException type="com.wm.app.b2b.server.ServiceException" callerType="JMS" errorMessageContains="Connection refused: connect" errorToBeThrown="FATAL" maxRetryAttempts="-1" exceptionHandlingId="WxResilience.global.010">
		<handling>wx.resilience.pub.resilience.errorHandling:logError</handling>
	</globalException> 
	<globalException type="java.net.ConnectException" callerType="JMS" errorMessageContains="Connection refused: connect" errorToBeThrown="FATAL" maxRetryAttempts="-1" exceptionHandlingId="WxResilience.global.011">
		<handling>wx.resilience.pub.resilience.errorHandling:logError</handling>
	</globalException> 
	
	<globalException type="com.wm.adapter.sap.error.SAPAdapterConnectionException" callerType="JMS" errorMessageContains="JCO_ERROR_COMMUNICATION" errorToBeThrown="FATAL" maxRetryAttempts="-1" exceptionHandlingId="WxResilience.global.020">
		<handling>wx.resilience.pub.resilience.errorHandling:logError</handling>
	</globalException> 
	<globalException type="com.wm.pkg.art.error.DetailedException" callerType="JMS" errorMessageRegex=".+sap.+Resource not available.*" errorToBeThrown="FATAL" maxRetryAttempts="10" exceptionHandlingId="WxResilience.global.021">
		<handling>wx.resilience.pub.resilience.errorHandling:logError</handling>
	</globalException> 
	<globalException type="all" callerType="JMS" errorMessageContains="JCO_ERROR_TIMEOUT" errorToBeThrown="FATAL" maxRetryAttempts="10" exceptionHandlingId="WxResilience.global.022">
		<handling>wx.resilience.pub.resilience.errorHandling:logError</handling>
	</globalException> 
	
	<globalException type="com.wm.pkg.art.error.DetailedException" callerType="JMS" errorMessageContains="Resource not available" errorToBeThrown="FATAL" maxRetryAttempts="-1" exceptionHandlingId="WxResilience.global.030">
		<handling>wx.resilience.pub.resilience.errorHandling:logError</handling>
	</globalException> 
	<globalException type="javax.resource.ResourceException" callerType="JMS" errorMessageContains="Unable to get a connection to resource" errorToBeThrown="FATAL" maxRetryAttempts="-1" exceptionHandlingId="WxResilience.global.031">
		<handling>wx.resilience.pub.resilience.errorHandling:logError</handling>
	</globalException> 
	
	<globalException type="com.wm.app.b2b.server.ServiceException" callerType="JMS" errorMessageRegex=".*Cache manager .* is not started*" errorToBeThrown="FATAL" maxRetryAttempts="-1" exceptionHandlingId="WxResilience.global.040">
		<handling>wx.resilience.pub.resilience.errorHandling:logError</handling>
	</globalException> 
	
	<globalException type="com.wm.app.b2b.server.ServiceException" callerType="JMS" errorMessageContains="index out of range" errorToBeThrown="FATAL" maxRetryAttempts="0" exceptionHandlingId="WxResilience.global.050">
		<handling>wx.resilience.pub.resilience.errorHandling:logError</handling>
	</globalException> 
	<globalException type="com.wm.app.b2b.server.ServiceException" callerType="JMS" errorMessageContains="Missing Parameter" errorToBeThrown="FATAL" maxRetryAttempts="0" exceptionHandlingId="WxResilience.global.051">
		<handling>wx.resilience.pub.resilience.errorHandling:logError</handling>
	</globalException> 
	<globalException type="com.wm.app.b2b.server.ServiceException" callerType="JMS" errorMessageContains="Missing required parameter" errorToBeThrown="FATAL" maxRetryAttempts="0" exceptionHandlingId="WxResilience.global.052">
		<handling>wx.resilience.pub.resilience.errorHandling:logError</handling>
	</globalException>
	<globalException type="wx.resilience.pub.resilience$DocumentDiscardedException" errorToBeThrown="NONE" maxRetryAttempts="0" exceptionHandlingId="WxResilience.global.053">
		<handling>wx.resilience.pub.resilience.errorHandling:logError</handling>
	</globalException>
	
	<globalException type="all" callerType="JMS" errorToBeThrown="FATAL" maxRetryAttempts="3" exceptionHandlingId="WxResilience.global.002">
		<handling>wx.resilience.pub.resilience.errorHandling:logError</handling>
	</globalException> 
	<globalException type="all" callerType="REST" errorToBeThrown="NONE" maxRetryAttempts="0" exceptionHandlingId="WxResilience.global.003">
		<handling>wx.resilience.pub.resilience.errorHandling:logError</handling>
	</globalException>
	<globalException type="all" callerType="RESTV2" errorToBeThrown="NONE" maxRetryAttempts="0" exceptionHandlingId="WxResilience.global.004">
		<handling>wx.resilience.pub.resilience.errorHandling:logError</handling>
	</globalException>
	<globalException type="all" callerType="RAD" errorToBeThrown="NONE" maxRetryAttempts="0" exceptionHandlingId="WxResilience.global.005">
		<handling>wx.resilience.pub.resilience.errorHandling:logError</handling>
	</globalException>
    <globalException type="all" errorToBeThrown="FATAL" maxRetryAttempts="0" exceptionHandlingId="WxResilience.global.001">
		<handling>wx.resilience.pub.resilience.errorHandling:logError</handling>
	</globalException>
	
	 
	 
	
	<location name="wx">
		<location name="resilience">
			<location name="pub">	 
                <location name="jms">
                    <location name="sendJmsWxMessage">
                        <exception callerType="JMS" type="all" errorToBeThrown="FATAL" errorMessageContains="is disabled" maxRetryAttempts="-1" exceptionHandlingId="WxResilience.jms.001">
                            <handling>wx.resilience.pub.resilience.errorHandling:logError</handling>
                        </exception>
                        <exception callerType="JMS" type="all" errorToBeThrown="FATAL" errorMessageContains="MessageProducerImpl.send failed" maxRetryAttempts="-1" exceptionHandlingId="IWxResilience.jms.002">
                            <handling>wx.resilience.pub.resilience.errorHandling:logError</handling>
                        </exception>
                    </location>
			    </location>
			</location>
		</location>
	</location>
<!-->>>>>>>>>>>>>>>>> WxResilience_Test >>>>>>>>>>>>>>>>>-->
	<location name="wx">
		<location name="resilienceTest">
			<location name="pub">	 
                <location name="test_handleError">
                    <exception type="all" errorToBeThrown="FATAL" exceptionHandlingId="WxResilience_Test.top.003" printBusinessObject="true">
                        <handling>wx.resilience.pub.resilience.errorHandling:logError</handling>
                    </exception>
                </location>
                <location name="test_handleErrorNestedService">
                    <exception type="all" errorToBeThrown="NONE" errorMessageContains="Error" exceptionHandlingId="WxResilience_Test.top.001" printBusinessObject="true">
                        <handling>wx.resilience.pub.resilience.errorHandling:logError</handling>
                    </exception>
                </location>
                <location name="subService">
                    <exception type="all" errorToBeThrown="FATAL" errorMessageRegex=".*rr.*" exceptionHandlingId="WxResilience_Test.top.002" printBusinessObject="true">
                        <handling>wx.resilience.pub.resilience.errorHandling:logError</handling>
                    </exception>
                </location>
			</location>
		</location>
	</location>
</exceptionHandling>
